request_idx,bandit_reward_mean,bandit_reward_std,oracle_reward
0,0.9900000000000003,3.3306690738754696e-16,0.99
1,0.9900000000000003,3.3306690738754696e-16,0.99
2,0.9900000000000003,3.3306690738754696e-16,0.99
3,0.9900000000000003,3.3306690738754696e-16,0.99
4,0.9900000000000003,3.3306690738754696e-16,0.99
5,0.9900000000000003,3.3306690738754696e-16,0.99
6,0.9900000000000003,3.3306690738754696e-16,0.99
7,0.9900000000000003,3.3306690738754696e-16,0.99
8,0.9900000000000003,3.3306690738754696e-16,0.99
9,0.9900000000000003,3.3306690738754696e-16,0.99
10,0.9900000000000003,3.3306690738754696e-16,0.99
11,0.9900000000000003,3.3306690738754696e-16,0.99
12,0.9900000000000003,3.3306690738754696e-16,0.99
13,0.9900000000000003,3.3306690738754696e-16,0.99
14,0.9900000000000003,3.3306690738754696e-16,0.99
15,0.9900000000000003,3.3306690738754696e-16,0.99
16,0.9900000000000003,3.3306690738754696e-16,0.99
17,0.9900000000000003,3.3306690738754696e-16,0.99
18,0.9900000000000003,3.3306690738754696e-16,0.99
19,0.9900000000000003,3.3306690738754696e-16,0.99
20,0.9629411764705886,2.220446049250313e-16,0.99
21,0.9640023068050754,3.3306690738754696e-16,0.99
22,0.9650218241852685,3.3306690738754696e-16,0.99
23,0.9660013604917286,3.3306690738754696e-16,0.99
24,0.9438052287077392,1.6653345369377348e-16,0.9825490196078431
25,0.9456167883662593,3.3306690738754696e-16,0.9828412149173396
26,0.9473573064695433,3.3306690738754696e-16,0.9831219515872478
27,0.9490295689609338,3.3306690738754696e-16,0.9833916789759832
28,0.9506362525310933,3.3306690738754696e-16,0.9836508288200624
29,0.952179928902423,3.3306690738754696e-16,0.983899815925158
30,0.9520944414944849,7.771561172376096e-16,0.9841390388300537
31,0.9535809339848973,3.3306690738754696e-16,0.9843688804445614
32,0.9550091326521563,3.3306690738754696e-16,0.9845897086624218
33,0.9293224999991305,2.220446049250313e-16,0.98480187695017
34,0.9317020098030863,3.3306690738754696e-16,0.9850057249129084
35,0.9108509505951221,1.6653345369377348e-16,0.9777505984457355
36,0.9139548348855095,3.3306690738754696e-16,0.978230967134138
37,0.9169369982233327,3.3306690738754696e-16,0.9786924978347601
38,0.8813708414302609,5.204170427930421e-18,0.9791359292922205
39,0.8856308084329958,3.3306690738754696e-16,0.9795619712807608
40,0.8512923453571921,5.204170427930421e-18,0.9799713057403389
41,0.8567318612255376,3.3306690738754696e-16,0.9803645878681687
42,0.8619580627461048,3.3306690738754696e-16,0.9807424471674563
43,0.866979315187434,3.3306690738754696e-16,0.981105488455007
44,0.871803655768319,3.3306690738754696e-16,0.9814542928293205
45,0.8764388065225026,3.3306690738754696e-16,0.9817894186007198
46,0.8808921866588751,3.3306690738754696e-16,0.9821114021850053
47,0.8851709244369586,3.3306690738754696e-16,0.9824207589620639
48,0.8892818685766857,3.3306690738754696e-16,0.9827179841008066
49,0.8932315992207372,3.3306690738754696e-16,0.9830035533517554
50,0.8970264384669829,3.3306690738754696e-16,0.9832779238085493
51,0.8775352055859248,1.6653345369377348e-16,0.9760905542474297
52,0.8627299034060846,0.0,0.9766360227083148
53,0.8677208875862381,3.3306690738754696e-16,0.9771601002491652
54,0.8725161468965817,3.3306690738754696e-16,0.9776636257295901
55,0.877123356822206,3.3306690738754696e-16,0.9781474051127435
56,0.8584126369468253,1.6653345369377348e-16,0.978612212755381
57,0.8635729256940087,3.3306690738754696e-16,0.9790587926473269
58,0.8685308501765966,3.3306690738754696e-16,0.9794878596023336
59,0.8732943462481026,3.3306690738754696e-16,0.9799001004022422
60,0.8778710385520987,3.3306690738754696e-16,0.980296174896272
61,0.8822682527265262,3.3306690738754696e-16,0.9806767170572025
62,0.8864930271294076,3.3306690738754696e-16,0.9810423359961358
63,0.890552124104725,3.3306690738754696e-16,0.9813936169374639
64,0.8944520408065004,3.3306690738754696e-16,0.9817311221556025
65,0.8981990195984024,3.3306690738754696e-16,0.9820553918749907
66,0.901799058045524,3.3306690738754696e-16,0.982366945134795
67,0.905257918514327,3.3306690738754696e-16,0.9826662806197051
68,0.9085811373961181,3.3306690738754696e-16,0.982953877458148
69,0.9117740339688194,3.3306690738754696e-16,0.983230195989201
70,0.9148417189112187,3.3306690738754696e-16,0.9834956784994284
71,0.9177891024833278,3.3306690738754696e-16,0.9837507499308235
72,0.9206209023859424,3.3306690738754696e-16,0.9839958185609873
73,0.9233416513119839,3.3306690738754696e-16,0.9842312766566349
74,0.92595570420171,3.3306690738754696e-16,0.9844575011014728
75,0.9284672452134077,3.3306690738754696e-16,0.9846748539994543
76,0.9308802944207251,3.3306690738754696e-16,0.9848836832543777
77,0.9331987142473633,3.3306690738754696e-16,0.9850843231267551
78,0.9122889607474668,1.6653345369377348e-16,0.9778261143766863
79,0.9153364524828603,3.3306690738754696e-16,0.978303521656032
80,0.9182644347384344,3.3306690738754696e-16,0.9787622070812856
81,0.9210775941604566,3.3306690738754696e-16,0.9792029048428038
82,0.9237804336051446,3.3306690738754696e-16,0.9796263203391645
83,0.9263772793461194,3.3306690738754696e-16,0.9800331313062561
84,0.9288722879992127,3.3306690738754696e-16,0.9804239889020893
85,0.9312694531757142,3.3306690738754696e-16,0.9807995187490662
86,0.8951412393256862,5.204170427930421e-18,0.9811603219353774
87,0.898861190724679,3.3306690738754696e-16,0.9815069759771273
88,0.9024352616766523,3.3306690738754696e-16,0.9818400357427302
89,0.9058691729834503,3.3306690738754696e-16,0.9821600343410545
90,0.9091684211017463,3.3306690738754696e-16,0.9824674839747386
91,0.9123382869408936,3.3306690738754696e-16,0.982762876760043
92,0.8844034521588978,8.326672684688674e-17,0.9830466855145512
93,0.8885444932507058,3.3306690738754696e-16,0.9833193645139806
94,0.8925231405742076,3.3306690738754696e-16,0.9835813502193147
95,0.8653653703556112,8.326672684688674e-17,0.9838330619754201
96,0.8702530028906853,3.3306690738754696e-16,0.9840749026822664
97,0.8365175910126192,5.204170427930421e-18,0.9843072594398246
98,0.8425365090121244,3.3306690738754696e-16,0.9845305041676746
99,0.848319391011649,3.3306690738754696e-16,0.9847449942003149
100,0.8483852972464864,7.771561172376096e-16,0.9849510728591261
101,0.8539388150015261,3.3306690738754696e-16,0.9851490700019054
102,0.8592745477465643,3.3306690738754696e-16,0.9853393025508503
103,0.8644010360702284,3.3306690738754696e-16,0.9855220749998367
104,0.8693264856361018,3.3306690738754696e-16,0.9856976799018039
105,0.874058780317039,3.3306690738754696e-16,0.9858663983370273
106,0.8672329457948021,1.1102230246251565e-16,0.9860285003630263
107,0.872047340077359,3.3306690738754696e-16,0.9861842454468291
108,0.8766729345841292,3.3306690738754696e-16,0.9863338828802869
109,0.8426857606788692,5.204170427930421e-18,0.9864776521790992
110,0.8484627896718548,3.3306690738754696e-16,0.9866157834661934
111,0.8540132685082528,3.3306690738754696e-16,0.9867484978400682
112,0.8479735324883213,1.1102230246251565e-16,0.986876007728693
113,0.8535431978809361,3.3306690738754696e-16,0.9869985172295286
114,0.8588944450228603,3.3306690738754696e-16,0.9871162224362138
115,0.8526632903160815,1.1102230246251565e-16,0.9872293117524407
116,0.8545196318723135,7.771561172376096e-16,0.9873379661935214
117,0.859832587485164,3.3306690738754696e-16,0.9874423596761285
118,0.8649371918975105,3.3306690738754696e-16,0.9875426592966725
119,0.869841615744667,3.3306690738754696e-16,0.9876390255987638
120,0.8631811602252684,1.1102230246251565e-16,0.9877316128301848
121,0.8681544480595716,3.3306690738754696e-16,0.9878205691897854
122,0.872932704998412,3.3306690738754696e-16,0.9879060370646958
123,0.8775235793121998,3.3306690738754696e-16,0.9879881532582372
124,0.8819344193391724,3.3306690738754696e-16,0.9880670492088945
125,0.8861722852474402,3.3306690738754696e-16,0.9881428512007027
126,0.8902439603357759,3.3306690738754696e-16,0.988215680565381
127,0.8941559618912357,3.3306690738754696e-16,0.9882856538765425
128,0.8979145516209912,3.3306690738754696e-16,0.988352883136286
129,0.90152574567507,3.3306690738754696e-16,0.9884174759544709
130,0.9049953242760477,3.3306690738754696e-16,0.9884795357209623
131,0.9083288409711047,3.3306690738754696e-16,0.9885391617711207
132,0.9115316315212575,3.3306690738754696e-16,0.9885964495448022
133,0.9146088224419925,3.3306690738754696e-16,0.9886514907391237
134,0.9175653392089732,3.3306690738754696e-16,0.9887043734552365
135,0.9204059141419547,3.3306690738754696e-16,0.9887551823393449
136,0.9231350939795252,3.3306690738754696e-16,0.9888039987181941
137,0.9257572471567987,3.3306690738754696e-16,0.9888509007292454
138,0.9282765707977086,3.3306690738754696e-16,0.9888959634457456
139,0.9306970974330927,3.3306690738754696e-16,0.9889392589968928
140,0.9330227014553244,3.3306690738754696e-16,0.9889808566832893
141,0.9352571053198215,3.3306690738754696e-16,0.9890208230878662
142,0.937403885503358,3.3306690738754696e-16,0.9890592221824597
143,0.9394664782287165,3.3306690738754696e-16,0.9890961154302064
144,0.9414481849648454,3.3306690738754696e-16,0.9891315618839238
145,0.9433521777113221,3.3306690738754696e-16,0.9891656182806328
146,0.945181504075584,3.3306690738754696e-16,0.9891983391323727
147,0.9469390921510513,3.3306690738754696e-16,0.9892297768134561
148,0.9486277552039513,3.3306690738754696e-16,0.9892599816443011
149,0.9502501961763453,3.3306690738754696e-16,0.9892890019719756
150,0.9518090120125671,3.3306690738754696e-16,0.9893168842475843
151,0.9478165017375645,7.771561172376096e-16,0.9893436731006203
152,0.9494707565713856,3.3306690738754696e-16,0.9893694114103999
153,0.9510601386666254,3.3306690738754696e-16,0.989394140374698
154,0.952587192052248,3.3306690738754696e-16,0.9894178995756903
155,0.9540543609913755,3.3306690738754696e-16,0.9894407270433103
156,0.9554639938936745,3.3306690738754696e-16,0.9894626593161218
157,0.9568183470743148,3.3306690738754696e-16,0.9894837314998033
158,0.9581195883655181,3.3306690738754696e-16,0.9895039773233404
159,0.9593698005864782,3.3306690738754696e-16,0.9895234291930134
160,0.9605709848772046,3.3306690738754696e-16,0.9895421182442679
161,0.961725063901628,3.3306690738754696e-16,0.9895600743915515
162,0.9628338849250937,3.3306690738754696e-16,0.9895773263761966
163,0.9638992227711685,3.3306690738754696e-16,0.9895939018124241
164,0.9535502336428874,1.1102230246251565e-16,0.9896098272315448
165,0.9549796362451272,3.3306690738754696e-16,0.9896251281244254
166,0.9563529838433575,3.3306690738754696e-16,0.9896398289822911
167,0.9576724746730298,3.3306690738754696e-16,0.9896539533359268
168,0.9589402207642836,3.3306690738754696e-16,0.9896675237933414
169,0.9601582513225471,3.3306690738754696e-16,0.9896805620759556
170,0.9613285159765649,3.3306690738754696e-16,0.9896930890533691
171,0.9624528878990526,3.3306690738754696e-16,0.9897051247767664
172,0.9521606177853643,1.1102230246251565e-16,0.9897166885110109
173,0.9501151033624089,7.771561172376096e-16,0.9897277987654811
174,0.9403066679364321,1.1102230246251565e-16,0.9897384733236976
175,0.9422554260565721,3.3306690738754696e-16,0.9897487292717879
176,0.9441277622896477,3.3306690738754696e-16,0.9897585830258355
177,0.9459266735724067,3.3306690738754696e-16,0.9897680503581557
178,0.9476550393146653,3.3306690738754696e-16,0.9897771464225418
179,0.9493156260082078,3.3306690738754696e-16,0.9897858857785206
180,0.9509110916549448,3.3306690738754696e-16,0.9897942824146571
181,0.9524439900214176,3.3306690738754696e-16,0.9898023497709451
182,0.9503873629617541,7.771561172376096e-16,0.9898101007603198
183,0.951940799708352,3.3306690738754696e-16,0.989817547789327
184,0.953433317366848,3.3306690738754696e-16,0.9898247027779808
185,0.9548673049210893,3.3306690738754696e-16,0.9898315771788444
186,0.9562450576692819,3.3306690738754696e-16,0.9898381819953603
187,0.9575687808979375,3.3306690738754696e-16,0.9898445277994639
188,0.9588405934117439,3.3306690738754696e-16,0.9898506247485045
189,0.9600625309250088,3.3306690738754696e-16,0.9898564826015044
190,0.9596679218691262,7.771561172376096e-16,0.9898621107347787
191,0.9608574151291605,3.3306690738754696e-16,0.9898675181569443
192,0.9620002615946837,3.3306690738754696e-16,0.9898727135233386
193,0.9630982905517549,3.3306690738754696e-16,0.9898777051498744
194,0.9641532595497253,3.3306690738754696e-16,0.9898825010263499
195,0.965166857214442,3.3306690738754696e-16,0.9898871088292381
196,0.9661407059511306,3.3306690738754696e-16,0.9898915359339739
197,0.9635469527765764,7.771561172376096e-16,0.9898957894267593
198,0.964584327177495,3.3306690738754696e-16,0.989899876115906
199,0.965581020229358,3.3306690738754696e-16,0.9899038025427332
200,0.9665386272791872,3.3306690738754696e-16,0.9899075749920379
201,0.9674586811113759,3.3306690738754696e-16,0.989911199502154
202,0.9683426544011259,3.3306690738754696e-16,0.9899146818746186
203,0.965662550306964,7.771561172376096e-16,0.9899180276834572
204,0.9666169600988478,3.3306690738754696e-16,0.9899212422841059
205,0.9675339420557557,3.3306690738754696e-16,0.9899243308219842
206,0.9684149639359222,3.3306690738754696e-16,0.9899272982407299
207,0.9692614359384351,3.3306690738754696e-16,0.989930149290113
208,0.9645845168820258,7.771561172376096e-16,0.989932888533638
209,0.9620517907297895,7.771561172376096e-16,0.9899355203558483
210,0.9631477989364645,3.3306690738754696e-16,0.9899380489693445
211,0.9642008264291522,3.3306690738754696e-16,0.9899404784215271
212,0.9652125587260482,3.3306690738754696e-16,0.9899428126010751
213,0.9661846152465954,3.3306690738754696e-16,0.9899450552441702
214,0.9671185519035916,3.3306690738754696e-16,0.9899472099404772
215,0.9680158635936469,3.3306690738754696e-16,0.9899492801388899
216,0.9688779865899745,3.3306690738754696e-16,0.9899512691530512
217,0.9697063008413481,3.3306690738754696e-16,0.9899531801666571
218,0.9705021321809031,3.3306690738754696e-16,0.989955016238553
219,0.9712667544483187,3.3306690738754696e-16,0.9899567803076293
220,0.9720013915287768,3.3306690738754696e-16,0.9899584751975262
221,0.9727072193119621,3.3306690738754696e-16,0.9899601036211527
222,0.9733853675742382,3.3306690738754696e-16,0.9899616681850291
223,0.9740369217870132,3.3306690738754696e-16,0.9899631713934594
224,0.9746629248541891,3.3306690738754696e-16,0.9899646156525395
225,0.9752643787814759,3.3306690738754696e-16,0.9899660032740085
226,0.9758422462802415,3.3306690738754696e-16,0.9899673364789494
227,0.9728680405437614,7.771561172376096e-16,0.9899686174013436
228,0.9351085095420453,5.204170427930421e-18,0.989969848091487
229,0.9372611170109847,3.3306690738754696e-16,0.9899710305192719
230,0.93932930850075,3.3306690738754696e-16,0.9899721665773398
231,0.9413163944418971,3.3306690738754696e-16,0.9899732580841107
232,0.9318530064245678,1.1102230246251565e-16,0.9899743067866946
233,0.9286430846039966,7.771561172376096e-16,0.989975314363687
234,0.9310492381489379,3.3306690738754696e-16,0.9899762824278562
235,0.9333610327313325,3.3306690738754696e-16,0.9899772125287246
236,0.9355821687026529,3.3306690738754696e-16,0.9899781061550492
237,0.9361475738515685,7.771561172376096e-16,0.9899789647372041
238,0.9382594337005267,3.3306690738754696e-16,0.9899797896494706
239,0.9402884755161923,3.3306690738754696e-16,0.9899805822122365
240,0.942237947064577,3.3306690738754696e-16,0.9899813436941096
241,0.9441109687483191,3.3306690738754696e-16,0.9899820753139484
242,0.9459105386013262,3.3306690738754696e-16,0.9899827782428132
243,0.9441101253228429,7.771561172376096e-16,0.9899834536058402
244,0.9459097282513589,3.3306690738754696e-16,0.9899841024840426
245,0.9476387585160115,3.3306690738754696e-16,0.9899847259160409
246,0.9492999836722464,3.3306690738754696e-16,0.9899853248997256
247,0.9508960627439231,3.3306690738754696e-16,0.989985900393854
248,0.9524295504794555,3.3306690738754696e-16,0.9899864533195852
249,0.9539029014410456,3.3306690738754696e-16,0.9899869845619544
