source,task_type,difficulty,is_complex,prompt_complexity_score,creativity_scope,reasoning_score,constraint_ct,domain_knowledge,complexity_level,task_type_nvidia
ARC-Easy,Science QA,Easy,0,0.13691,0.0025,0.0291,0.1496,0.6848,trivial,Open QA
ARC-Easy,Science QA,Easy,0,0.1255,0.0059,0.0216,0.1982,0.5826,trivial,Open QA
ARC-Easy,Science QA,Easy,0,0.262,0.0299,0.1077,0.9124,0.5636,simple,Open QA
ARC-Easy,Science QA,Easy,0,0.16712,0.0206,0.0682,0.5706,0.3743,trivial,Open QA
ARC-Easy,Science QA,Easy,0,0.12042,0.0052,0.0127,0.353,0.145,trivial,Rewrite
ARC-Easy,Science QA,Easy,0,0.1861,0.0036,0.0286,0.3653,0.8109,trivial,Closed QA
ARC-Easy,Science QA,Easy,0,0.23047,0.0604,0.108,0.5974,0.602,simple,Open QA
ARC-Easy,Science QA,Easy,0,0.34732,0.2548,0.2391,0.815,0.5002,simple,Closed QA
ARC-Easy,Science QA,Easy,0,0.16338,0.0023,0.0798,0.4471,0.4789,trivial,Open QA
ARC-Easy,Science QA,Easy,0,0.10521,0.0222,0.0129,0.1998,0.3583,trivial,Closed QA
ARC-Easy,Science QA,Easy,0,0.18837,0.0126,0.0797,0.464,0.6241,trivial,Closed QA
ARC-Easy,Science QA,Easy,0,0.1683,0.0061,0.1212,0.0745,0.8132,trivial,Open QA
ARC-Easy,Science QA,Easy,0,0.16231,0.0205,0.0663,0.3994,0.4283,trivial,Open QA
ARC-Easy,Science QA,Easy,0,0.19148,0.0119,0.2162,0.5375,0.3275,trivial,Open QA
ARC-Easy,Science QA,Easy,0,0.08376,0.0101,0.0403,0.1559,0.2729,trivial,Open QA
ARC-Easy,Science QA,Easy,0,0.08758,0.02,0.0707,0.2016,0.2019,trivial,Open QA
ARC-Easy,Science QA,Easy,0,0.21601,0.0154,0.0939,0.7632,0.4726,simple,Open QA
ARC-Easy,Science QA,Easy,0,0.13214,0.0009,0.0399,0.0973,0.6658,trivial,Open QA
ARC-Easy,Science QA,Easy,0,0.10135,0.0136,0.0528,0.2664,0.2272,trivial,Open QA
ARC-Easy,Science QA,Easy,0,0.36299,0.0297,0.5905,0.6748,0.6856,moderate,Closed QA
ARC-Easy,Science QA,Easy,0,0.271,0.004,0.4099,0.6774,0.4284,simple,Closed QA
ARC-Easy,Science QA,Easy,0,0.15076,0.0014,0.0257,0.5616,0.3942,trivial,Closed QA
ARC-Easy,Science QA,Easy,0,0.12102,0.0006,0.0816,0.106,0.5489,trivial,Open QA
ARC-Easy,Science QA,Easy,0,0.13646,0.0406,0.0151,0.5906,0.1709,trivial,Open QA
ARC-Easy,Science QA,Easy,0,0.14704,0.0127,0.0447,0.3625,0.4605,trivial,Open QA
ARC-Easy,Science QA,Easy,0,0.09884,0.001,0.0856,0.1799,0.3173,trivial,Closed QA
ARC-Easy,Science QA,Easy,0,0.21803,0.0555,0.0267,0.8606,0.4057,simple,Open QA
ARC-Easy,Science QA,Easy,0,0.16892,0.0027,0.1077,0.6354,0.2935,trivial,Open QA
ARC-Easy,Science QA,Easy,0,0.10105,0.0346,0.0346,0.1695,0.3598,trivial,Open QA
ARC-Easy,Science QA,Easy,0,0.06893,0.0012,0.0118,0.1337,0.2883,trivial,Open QA
ARC-Easy,Science QA,Easy,0,0.2307,0.0079,0.0592,0.8661,0.5508,simple,Closed QA
ARC-Easy,Science QA,Easy,0,0.10119,0.0027,0.0696,0.0932,0.4336,trivial,Open QA
ARC-Easy,Science QA,Easy,0,0.17536,0.0223,0.0588,0.6817,0.3321,trivial,Closed QA
ARC-Easy,Science QA,Easy,0,0.3544,0.017,0.7248,0.6273,0.4777,moderate,Open QA
ARC-Easy,Science QA,Easy,0,0.24036,0.016,0.1384,0.8401,0.4683,simple,Closed QA
ARC-Easy,Science QA,Easy,0,0.16465,0.0015,0.0735,0.3134,0.6432,trivial,Open QA
ARC-Easy,Science QA,Easy,0,0.17666,0.0029,0.0673,0.4591,0.5905,trivial,Open QA
ARC-Easy,Science QA,Easy,0,0.19442,0.0155,0.2174,0.5885,0.2981,trivial,Open QA
ARC-Easy,Science QA,Easy,0,0.17703,0.0051,0.0665,0.6317,0.4207,trivial,Closed QA
ARC-Easy,Science QA,Easy,0,0.11781,0.027,0.016,0.2621,0.3896,trivial,Open QA
ARC-Easy,Science QA,Easy,0,0.25859,0.0206,0.1747,0.8203,0.5576,simple,Open QA
ARC-Easy,Science QA,Easy,0,0.19577,0.0038,0.0955,0.5164,0.616,trivial,Closed QA
ARC-Easy,Science QA,Easy,0,0.20381,0.0466,0.1004,0.8942,0.1778,simple,Closed QA
ARC-Easy,Science QA,Easy,0,0.0842,0.0033,0.0533,0.0678,0.388,trivial,Open QA
ARC-Easy,Science QA,Easy,0,0.14655,0.0034,0.0262,0.2268,0.6819,trivial,Open QA
ARC-Easy,Science QA,Easy,0,0.17988,0.0419,0.1315,0.6631,0.186,trivial,Closed QA
ARC-Easy,Science QA,Easy,0,0.1614,0.0239,0.0274,0.5069,0.4629,trivial,Closed QA
ARC-Easy,Science QA,Easy,0,0.08594,0.0022,0.0375,0.0816,0.4211,trivial,Open QA
ARC-Easy,Science QA,Easy,0,0.18648,0.0019,0.0524,0.2359,0.9069,trivial,Closed QA
ARC-Easy,Science QA,Easy,0,0.15734,0.0016,0.0506,0.232,0.6629,trivial,Open QA
ARC-Easy,Science QA,Easy,0,0.12224,0.0573,0.1028,0.3222,0.1635,trivial,Closed QA
ARC-Easy,Science QA,Easy,0,0.15075,0.001,0.1084,0.0883,0.7259,trivial,Open QA
ARC-Easy,Science QA,Easy,0,0.0775,0.0214,0.0093,0.0511,0.2017,trivial,Open QA
ARC-Easy,Science QA,Easy,0,0.27472,0.0107,0.3583,0.6957,0.5087,simple,Closed QA
ARC-Easy,Science QA,Easy,0,0.20728,0.0285,0.114,0.4844,0.6017,simple,Open QA
ARC-Easy,Science QA,Easy,0,0.15976,0.0042,0.0167,0.5099,0.4816,trivial,Classification
ARC-Easy,Science QA,Easy,0,0.22464,0.018,0.1717,0.6064,0.5528,simple,Open QA
ARC-Easy,Science QA,Easy,0,0.08681,0.0025,0.0226,0.0877,0.4415,trivial,Rewrite
ARC-Easy,Science QA,Easy,0,0.29269,0.0174,0.5913,0.5952,0.3215,simple,Open QA
ARC-Easy,Science QA,Easy,0,0.13757,0.0114,0.0969,0.4577,0.2561,trivial,Closed QA
ARC-Easy,Science QA,Easy,0,0.11984,0.0173,0.0099,0.3299,0.3808,trivial,Open QA
ARC-Easy,Science QA,Easy,0,0.0828,0.0018,0.0582,0.1215,0.286,trivial,Open QA
ARC-Easy,Science QA,Easy,0,0.12531,0.002,0.1892,0.1543,0.3554,trivial,Closed QA
ARC-Easy,Science QA,Easy,0,0.13504,0.0078,0.0636,0.4188,0.3265,trivial,Open QA
ARC-Easy,Science QA,Easy,0,0.12162,0.0024,0.0327,0.2532,0.4435,trivial,Open QA
ARC-Easy,Science QA,Easy,0,0.19777,0.0396,0.2303,0.5056,0.3293,trivial,Open QA
ARC-Easy,Science QA,Easy,0,0.1542,0.0403,0.0363,0.1888,0.4799,trivial,Open QA
ARC-Easy,Science QA,Easy,0,0.08994,0.0142,0.0515,0.2149,0.2475,trivial,Open QA
ARC-Easy,Science QA,Easy,0,0.08658,0.0005,0.0291,0.0295,0.4752,trivial,Open QA
ARC-Easy,Science QA,Easy,0,0.11826,0.0153,0.0357,0.2613,0.4234,trivial,Open QA
ARC-Easy,Science QA,Easy,0,0.18462,0.0543,0.0468,0.6587,0.3468,trivial,Open QA
ARC-Easy,Science QA,Easy,0,0.33899,0.0417,0.2915,0.9205,0.7417,simple,Open QA
ARC-Easy,Science QA,Easy,0,0.16713,0.0056,0.0549,0.6678,0.3353,trivial,Closed QA
ARC-Easy,Science QA,Easy,0,0.20049,0.098,0.1304,0.3943,0.4861,simple,Open QA
ARC-Easy,Science QA,Easy,0,0.10525,0.0154,0.0537,0.137,0.4327,trivial,Open QA
ARC-Easy,Science QA,Easy,0,0.15456,0.0064,0.0147,0.4583,0.5291,trivial,Closed QA
ARC-Easy,Science QA,Easy,0,0.17306,0.012,0.1556,0.5414,0.3187,trivial,Open QA
ARC-Easy,Science QA,Easy,0,0.25976,0.0595,0.0199,0.9568,0.5928,simple,Open QA
ARC-Easy,Science QA,Easy,0,0.16686,0.0277,0.2604,0.3237,0.2862,trivial,Open QA
ARC-Easy,Science QA,Easy,0,0.11806,0.0032,0.041,0.2237,0.479,trivial,Open QA
ARC-Easy,Science QA,Easy,0,0.18734,0.0016,0.0285,0.3615,0.8217,trivial,Open QA
ARC-Easy,Science QA,Easy,0,0.07262,0.0041,0.0059,0.0407,0.4197,trivial,Open QA
ARC-Easy,Science QA,Easy,0,0.1615,0.0024,0.0505,0.4132,0.5676,trivial,Open QA
ARC-Easy,Science QA,Easy,0,0.1544,0.0475,0.132,0.597,0.0903,trivial,Open QA
ARC-Easy,Science QA,Easy,0,0.13346,0.0026,0.0362,0.2418,0.5654,trivial,Open QA
ARC-Easy,Science QA,Easy,0,0.14207,0.0203,0.0442,0.452,0.3357,trivial,Open QA
ARC-Easy,Science QA,Easy,0,0.09134,0.0007,0.0087,0.1567,0.4298,trivial,Open QA
ARC-Easy,Science QA,Easy,0,0.10288,0.0056,0.0664,0.1511,0.4057,trivial,Open QA
ARC-Easy,Science QA,Easy,0,0.29348,0.1013,0.2703,0.7775,0.485,simple,Open QA
ARC-Easy,Science QA,Easy,0,0.11422,0.0031,0.0866,0.0473,0.5402,trivial,Open QA
ARC-Easy,Science QA,Easy,0,0.17278,0.0028,0.1658,0.1966,0.6654,trivial,Closed QA
ARC-Easy,Science QA,Easy,0,0.29257,0.0105,0.0608,0.9211,0.8949,simple,Closed QA
ARC-Easy,Science QA,Easy,0,0.14954,0.0013,0.0327,0.2473,0.6851,trivial,Closed QA
ARC-Easy,Science QA,Easy,0,0.22584,0.0061,0.1169,0.9006,0.392,simple,Closed QA
ARC-Easy,Science QA,Easy,0,0.1386,0.0046,0.019,0.1883,0.6899,trivial,Open QA
ARC-Easy,Science QA,Easy,0,0.15491,0.0036,0.0262,0.5381,0.4245,trivial,Closed QA
ARC-Easy,Science QA,Easy,0,0.12486,0.0043,0.1495,0.2415,0.3147,trivial,Open QA
ARC-Easy,Science QA,Easy,0,0.22162,0.0481,0.2242,0.66,0.3273,simple,Open QA
ARC-Easy,Science QA,Easy,0,0.19704,0.0318,0.2495,0.5997,0.2134,trivial,Open QA
ARC-Easy,Science QA,Easy,0,0.09762,0.0282,0.0555,0.3061,0.1278,trivial,Open QA
ARC-Challenge,Science QA,Challenge,0,0.12904,0.0004,0.0302,0.0076,0.7698,trivial,Closed QA
ARC-Challenge,Science QA,Challenge,0,0.3236,0.1007,0.2836,0.7891,0.6462,simple,Open QA
ARC-Challenge,Science QA,Challenge,0,0.1191,0.0375,0.0131,0.2061,0.4718,trivial,Closed QA
ARC-Challenge,Science QA,Challenge,0,0.3119,0.0387,0.2076,0.6746,0.9356,simple,Open QA
ARC-Challenge,Science QA,Challenge,0,0.18476,0.0017,0.096,0.471,0.5851,trivial,Open QA
ARC-Challenge,Science QA,Challenge,0,0.10224,0.003,0.1139,0.1619,0.3149,trivial,Open QA
ARC-Challenge,Science QA,Challenge,0,0.15998,0.0126,0.0564,0.4211,0.3864,trivial,Open QA
ARC-Challenge,Science QA,Challenge,0,0.20465,0.1516,0.0193,0.6942,0.2773,simple,Open QA
ARC-Challenge,Science QA,Challenge,0,0.12902,0.0005,0.0461,0.0281,0.7495,trivial,Closed QA
ARC-Challenge,Science QA,Challenge,0,0.1701,0.0006,0.1224,0.1658,0.7583,trivial,Closed QA
ARC-Challenge,Science QA,Challenge,0,0.30725,0.1053,0.0887,0.8357,0.8054,simple,Open QA
ARC-Challenge,Science QA,Challenge,0,0.11645,0.0118,0.084,0.1512,0.3915,trivial,Open QA
ARC-Challenge,Science QA,Challenge,0,0.2336,0.0268,0.4378,0.5956,0.1575,simple,Closed QA
ARC-Challenge,Science QA,Challenge,0,0.07686,0.0135,0.0325,0.1611,0.2515,trivial,Other
ARC-Challenge,Science QA,Challenge,0,0.12583,0.0072,0.0275,0.1056,0.6543,trivial,Closed QA
ARC-Challenge,Science QA,Challenge,0,0.17592,0.0241,0.0072,0.6364,0.4471,trivial,Rewrite
ARC-Challenge,Science QA,Challenge,0,0.12532,0.0047,0.0107,0.1848,0.6045,trivial,Open QA
ARC-Challenge,Science QA,Challenge,0,0.13791,0.0031,0.1338,0.1648,0.5025,trivial,Open QA
ARC-Challenge,Science QA,Challenge,0,0.22358,0.2838,0.0157,0.6945,0.099,simple,Text Generation
ARC-Challenge,Science QA,Challenge,0,0.18076,0.0282,0.0458,0.3431,0.5583,trivial,Open QA
ARC-Challenge,Science QA,Challenge,0,0.14304,0.0167,0.1236,0.207,0.4879,trivial,Open QA
ARC-Challenge,Science QA,Challenge,0,0.26295,0.0118,0.1867,0.8428,0.565,simple,Open QA
ARC-Challenge,Science QA,Challenge,0,0.19451,0.012,0.4844,0.1906,0.2553,trivial,Closed QA
ARC-Challenge,Science QA,Challenge,0,0.29242,0.1853,0.099,0.9192,0.402,simple,Open QA
ARC-Challenge,Science QA,Challenge,0,0.10582,0.0087,0.0179,0.1589,0.4595,trivial,Open QA
ARC-Challenge,Science QA,Challenge,0,0.15584,0.0049,0.248,0.0704,0.5294,trivial,Closed QA
ARC-Challenge,Science QA,Challenge,0,0.16948,0.0439,0.0252,0.5352,0.3427,trivial,Open QA
ARC-Challenge,Science QA,Challenge,0,0.17482,0.0094,0.3243,0.2871,0.2893,trivial,Closed QA
ARC-Challenge,Science QA,Challenge,0,0.08395,0.0064,0.0729,0.0296,0.3186,trivial,Open QA
ARC-Challenge,Science QA,Challenge,0,0.08234,0.0013,0.0303,0.0471,0.4154,trivial,Open QA
ARC-Challenge,Science QA,Challenge,0,0.22213,0.0302,0.0347,0.8256,0.5123,simple,Open QA
ARC-Challenge,Science QA,Challenge,0,0.09284,0.0017,0.0152,0.0567,0.5118,trivial,Open QA
ARC-Challenge,Science QA,Challenge,0,0.21467,0.0129,0.2587,0.4792,0.4658,simple,Open QA
ARC-Challenge,Science QA,Challenge,0,0.14684,0.0122,0.0915,0.5189,0.2363,trivial,Open QA
ARC-Challenge,Science QA,Challenge,0,0.07452,0.0044,0.0134,0.1955,0.2345,trivial,Open QA
ARC-Challenge,Science QA,Challenge,0,0.30649,0.1939,0.0295,0.9227,0.6051,simple,Text Generation
ARC-Challenge,Science QA,Challenge,0,0.27754,0.0081,0.5648,0.2494,0.593,simple,Open QA
ARC-Challenge,Science QA,Challenge,0,0.17776,0.0014,0.0731,0.3417,0.7113,trivial,Closed QA
ARC-Challenge,Science QA,Challenge,0,0.13548,0.0057,0.0396,0.2466,0.376,trivial,Open QA
ARC-Challenge,Science QA,Challenge,0,0.22324,0.0039,0.0629,0.7154,0.6064,simple,Open QA
ARC-Challenge,Science QA,Challenge,0,0.14168,0.0191,0.0755,0.3656,0.3917,trivial,Open QA
ARC-Challenge,Science QA,Challenge,0,0.15802,0.0586,0.1088,0.5437,0.1622,trivial,Open QA
ARC-Challenge,Science QA,Challenge,0,0.17702,0.0447,0.019,0.3427,0.6896,trivial,Text Generation
ARC-Challenge,Science QA,Challenge,0,0.1969,0.0407,0.0473,0.7087,0.3967,trivial,Open QA
ARC-Challenge,Science QA,Challenge,0,0.11512,0.0031,0.0187,0.0828,0.6373,trivial,Open QA
ARC-Challenge,Science QA,Challenge,0,0.26994,0.0211,0.0697,0.9166,0.7052,simple,Open QA
ARC-Challenge,Science QA,Challenge,0,0.15934,0.0106,0.0243,0.3284,0.6644,trivial,Open QA
ARC-Challenge,Science QA,Challenge,1,0.44697,0.1946,0.6232,0.8394,0.5888,moderate,Open QA
ARC-Challenge,Science QA,Challenge,0,0.27629,0.0327,0.2907,0.7704,0.5039,simple,Closed QA
ARC-Challenge,Science QA,Challenge,0,0.1016,0.0309,0.0152,0.2903,0.2293,trivial,Open QA
ARC-Challenge,Science QA,Challenge,0,0.21748,0.0208,0.0387,0.6071,0.6969,simple,Text Generation
ARC-Challenge,Science QA,Challenge,0,0.2882,0.0394,0.0447,0.8521,0.871,simple,Open QA
ARC-Challenge,Science QA,Challenge,0,0.08268,0.0037,0.1258,0.0254,0.2932,trivial,Open QA
ARC-Challenge,Science QA,Challenge,0,0.17253,0.0312,0.0101,0.641,0.4009,trivial,Text Generation
ARC-Challenge,Science QA,Challenge,0,0.17888,0.0026,0.1295,0.3033,0.664,trivial,Open QA
ARC-Challenge,Science QA,Challenge,0,0.10916,0.0498,0.0122,0.1194,0.3911,trivial,Open QA
ARC-Challenge,Science QA,Challenge,0,0.2071,0.0291,0.1992,0.5649,0.4106,simple,Open QA
ARC-Challenge,Science QA,Challenge,0,0.10722,0.0318,0.0198,0.2127,0.3613,trivial,Open QA
ARC-Challenge,Science QA,Challenge,0,0.0887,0.0039,0.0087,0.2042,0.3139,trivial,Open QA
ARC-Challenge,Science QA,Challenge,0,0.23116,0.0195,0.0741,0.8882,0.4661,simple,Open QA
ARC-Challenge,Science QA,Challenge,0,0.169,0.0062,0.1384,0.5605,0.2992,trivial,Open QA
ARC-Challenge,Science QA,Challenge,0,0.14837,0.0287,0.0312,0.736,0.1297,trivial,Closed QA
ARC-Challenge,Science QA,Challenge,0,0.34346,0.0535,0.2512,0.8642,0.8629,simple,Open QA
ARC-Challenge,Science QA,Challenge,0,0.31056,0.1559,0.4422,0.6871,0.272,simple,Open QA
ARC-Challenge,Science QA,Challenge,0,0.21514,0.0279,0.0311,0.5742,0.7061,simple,Open QA
ARC-Challenge,Science QA,Challenge,0,0.23936,0.0055,0.0487,0.7047,0.7892,simple,Open QA
ARC-Challenge,Science QA,Challenge,0,0.1735,0.0137,0.1162,0.6133,0.3135,trivial,Closed QA
ARC-Challenge,Science QA,Challenge,0,0.14928,0.0279,0.0601,0.2224,0.6017,trivial,Open QA
ARC-Challenge,Science QA,Challenge,0,0.11382,0.0046,0.1532,0.2277,0.2528,trivial,Closed QA
ARC-Challenge,Science QA,Challenge,0,0.14296,0.0013,0.0228,0.0264,0.8621,trivial,Closed QA
ARC-Challenge,Science QA,Challenge,0,0.3424,0.4183,0.054,0.8407,0.3673,simple,Text Generation
ARC-Challenge,Science QA,Challenge,0,0.15234,0.0096,0.1065,0.4712,0.3345,trivial,Open QA
ARC-Challenge,Science QA,Challenge,0,0.18537,0.0246,0.0917,0.6456,0.3722,trivial,Open QA
ARC-Challenge,Science QA,Challenge,0,0.15574,0.0008,0.0862,0.2192,0.6663,trivial,Closed QA
ARC-Challenge,Science QA,Challenge,0,0.1367,0.009,0.0124,0.4528,0.3872,trivial,Classification
ARC-Challenge,Science QA,Challenge,0,0.13056,0.0018,0.0133,0.2293,0.6048,trivial,Closed QA
ARC-Challenge,Science QA,Challenge,0,0.16624,0.0012,0.0732,0.2528,0.7251,trivial,Closed QA
ARC-Challenge,Science QA,Challenge,0,0.09486,0.0007,0.0421,0.083,0.4671,trivial,Closed QA
ARC-Challenge,Science QA,Challenge,0,0.23709,0.0051,0.3974,0.4488,0.4339,simple,Closed QA
ARC-Challenge,Science QA,Challenge,0,0.08231,0.0033,0.0219,0.2417,0.2499,trivial,Closed QA
ARC-Challenge,Science QA,Challenge,0,0.09383,0.0152,0.0207,0.2514,0.3015,trivial,Rewrite
ARC-Challenge,Science QA,Challenge,0,0.22364,0.0081,0.0952,0.8953,0.4128,simple,Closed QA
ARC-Challenge,Science QA,Challenge,0,0.11608,0.01,0.0291,0.2182,0.4746,trivial,Open QA
ARC-Challenge,Science QA,Challenge,0,0.11774,0.0614,0.0394,0.1899,0.2679,trivial,Open QA
ARC-Challenge,Science QA,Challenge,0,0.14825,0.0029,0.1936,0.302,0.3457,trivial,Closed QA
ARC-Challenge,Science QA,Challenge,0,0.39982,0.0545,0.5485,0.8982,0.7152,moderate,Open QA
ARC-Challenge,Science QA,Challenge,0,0.24878,0.0148,0.3836,0.1866,0.7816,simple,Open QA
ARC-Challenge,Science QA,Challenge,0,0.11074,0.0015,0.0272,0.0457,0.5977,trivial,Open QA
ARC-Challenge,Science QA,Challenge,0,0.2325,0.0055,0.1461,0.8843,0.3917,simple,Open QA
ARC-Challenge,Science QA,Challenge,0,0.31009,0.0413,0.1408,0.7467,0.9321,simple,Closed QA
ARC-Challenge,Science QA,Challenge,0,0.28212,0.2755,0.0547,0.4265,0.7026,simple,Text Generation
ARC-Challenge,Science QA,Challenge,0,0.06582,0.0095,0.0318,0.0688,0.2861,trivial,Open QA
ARC-Challenge,Science QA,Challenge,0,0.14737,0.0052,0.0184,0.3417,0.5897,trivial,Open QA
ARC-Challenge,Science QA,Challenge,0,0.08291,0.0014,0.0468,0.0909,0.3677,trivial,Closed QA
ARC-Challenge,Science QA,Challenge,0,0.28031,0.1108,0.0305,0.8311,0.7219,simple,Text Generation
ARC-Challenge,Science QA,Challenge,0,0.21341,0.0123,0.0525,0.6865,0.6052,simple,Open QA
ARC-Challenge,Science QA,Challenge,0,0.24195,0.0082,0.3883,0.2706,0.6707,simple,Open QA
ARC-Challenge,Science QA,Challenge,0,0.1022,0.0033,0.0246,0.1899,0.4338,trivial,Closed QA
ARC-Challenge,Science QA,Challenge,0,0.15954,0.0418,0.1007,0.5172,0.2488,trivial,Open QA
ARC-Challenge,Science QA,Challenge,0,0.24734,0.0727,0.0233,0.7709,0.662,simple,Open QA
GSM8K,Math Reasoning,Grade School,0,0.33786,0.0317,0.8931,0.4561,0.2126,simple,Closed QA
GSM8K,Math Reasoning,Grade School,0,0.30467,0.0408,0.868,0.1531,0.2816,simple,Open QA
GSM8K,Math Reasoning,Grade School,0,0.29729,0.0209,0.8125,0.3276,0.2148,simple,Closed QA
GSM8K,Math Reasoning,Grade School,0,0.28317,0.0322,0.7291,0.4109,0.1774,simple,Closed QA
GSM8K,Math Reasoning,Grade School,0,0.28698,0.0157,0.7895,0.3107,0.2395,simple,Closed QA
GSM8K,Math Reasoning,Grade School,0,0.31818,0.0756,0.7789,0.437,0.2023,simple,Closed QA
GSM8K,Math Reasoning,Grade School,0,0.2331,0.0378,0.5486,0.3455,0.1786,simple,Open QA
GSM8K,Math Reasoning,Grade School,0,0.36591,0.0326,0.6197,0.8331,0.4783,moderate,Open QA
GSM8K,Math Reasoning,Grade School,0,0.3266,0.0391,0.7841,0.3871,0.3794,simple,Open QA
GSM8K,Math Reasoning,Grade School,0,0.3346,0.0446,0.6856,0.7239,0.2475,simple,Open QA
GSM8K,Math Reasoning,Grade School,0,0.32323,0.0349,0.4751,0.8388,0.4348,simple,Closed QA
GSM8K,Math Reasoning,Grade School,0,0.30545,0.0557,0.6617,0.6209,0.1726,simple,Closed QA
GSM8K,Math Reasoning,Grade School,0,0.2977,0.0266,0.7822,0.291,0.2731,simple,Closed QA
GSM8K,Math Reasoning,Grade School,0,0.31973,0.0408,0.8177,0.4217,0.2332,simple,Open QA
GSM8K,Math Reasoning,Grade School,0,0.33062,0.0348,0.6676,0.6399,0.3594,simple,Open QA
GSM8K,Math Reasoning,Grade School,0,0.30649,0.027,0.9168,0.1913,0.2474,simple,Open QA
GSM8K,Math Reasoning,Grade School,0,0.28908,0.0323,0.7221,0.4787,0.1412,simple,Closed QA
GSM8K,Math Reasoning,Grade School,0,0.29987,0.0235,0.8828,0.2241,0.2182,simple,Closed QA
GSM8K,Math Reasoning,Grade School,0,0.30982,0.0277,0.8069,0.4425,0.1815,simple,Closed QA
GSM8K,Math Reasoning,Grade School,0,0.30607,0.0379,0.7398,0.524,0.1872,simple,Closed QA
GSM8K,Math Reasoning,Grade School,0,0.29277,0.0307,0.7281,0.4115,0.2231,simple,Open QA
GSM8K,Math Reasoning,Grade School,0,0.32657,0.0607,0.9365,0.219,0.213,simple,Closed QA
GSM8K,Math Reasoning,Grade School,0,0.31961,0.0369,0.7704,0.5718,0.1732,simple,Open QA
GSM8K,Math Reasoning,Grade School,0,0.38346,0.0924,0.8223,0.6615,0.2727,moderate,Open QA
GSM8K,Math Reasoning,Grade School,0,0.34553,0.0482,0.813,0.6015,0.2182,simple,Closed QA
GSM8K,Math Reasoning,Grade School,0,0.34176,0.0458,0.8878,0.2984,0.3807,simple,Open QA
GSM8K,Math Reasoning,Grade School,0,0.32675,0.0553,0.8846,0.3847,0.1805,simple,Closed QA
GSM8K,Math Reasoning,Grade School,0,0.31557,0.0239,0.7392,0.6593,0.1383,simple,Closed QA
GSM8K,Math Reasoning,Grade School,0,0.35139,0.0286,0.8203,0.7085,0.1887,moderate,Closed QA
GSM8K,Math Reasoning,Grade School,0,0.33172,0.0144,0.7891,0.6174,0.2318,simple,Closed QA
GSM8K,Math Reasoning,Grade School,0,0.35116,0.0541,0.9052,0.4078,0.2892,moderate,Open QA
GSM8K,Math Reasoning,Grade School,0,0.33508,0.0262,0.8145,0.5007,0.2976,simple,Closed QA
GSM8K,Math Reasoning,Grade School,0,0.24159,0.0127,0.6119,0.2818,0.2185,simple,Open QA
GSM8K,Math Reasoning,Grade School,0,0.30276,0.0327,0.7363,0.5029,0.1808,simple,Open QA
GSM8K,Math Reasoning,Grade School,0,0.3456,0.0467,0.7959,0.6802,0.1771,simple,Closed QA
GSM8K,Math Reasoning,Grade School,0,0.34584,0.0307,0.821,0.6354,0.2175,simple,Closed QA
GSM8K,Math Reasoning,Grade School,0,0.34167,0.02,0.8788,0.519,0.235,simple,Closed QA
GSM8K,Math Reasoning,Grade School,0,0.35276,0.0278,0.8004,0.7061,0.2353,moderate,Closed QA
GSM8K,Math Reasoning,Grade School,0,0.34302,0.0418,0.8434,0.4183,0.3405,simple,Open QA
GSM8K,Math Reasoning,Grade School,0,0.30421,0.03,0.8164,0.3846,0.2035,simple,Closed QA
GSM8K,Math Reasoning,Grade School,0,0.31148,0.0235,0.8111,0.3685,0.2586,simple,Open QA
GSM8K,Math Reasoning,Grade School,0,0.31141,0.0317,0.64,0.7029,0.2143,simple,Open QA
GSM8K,Math Reasoning,Grade School,0,0.26327,0.023,0.65,0.3129,0.2684,simple,Open QA
GSM8K,Math Reasoning,Grade School,0,0.27344,0.0193,0.8111,0.2647,0.1515,simple,Open QA
GSM8K,Math Reasoning,Grade School,0,0.34918,0.031,0.8726,0.422,0.3669,simple,Open QA
GSM8K,Math Reasoning,Grade School,0,0.30821,0.0251,0.7719,0.4308,0.2649,simple,Open QA
GSM8K,Math Reasoning,Grade School,0,0.35922,0.037,0.859,0.6379,0.228,moderate,Closed QA
GSM8K,Math Reasoning,Grade School,0,0.34784,0.0272,0.8953,0.4432,0.3119,simple,Closed QA
GSM8K,Math Reasoning,Grade School,0,0.32641,0.0462,0.8843,0.2621,0.3183,simple,Closed QA
GSM8K,Math Reasoning,Grade School,0,0.27622,0.0183,0.6709,0.4903,0.1826,simple,Closed QA
GSM8K,Math Reasoning,Grade School,0,0.29617,0.0333,0.6655,0.4983,0.2826,simple,Open QA
GSM8K,Math Reasoning,Grade School,0,0.3055,0.0262,0.786,0.4236,0.2335,simple,Closed QA
GSM8K,Math Reasoning,Grade School,0,0.32803,0.0308,0.8586,0.3835,0.269,simple,Open QA
GSM8K,Math Reasoning,Grade School,0,0.31565,0.048,0.7307,0.4195,0.3066,simple,Open QA
GSM8K,Math Reasoning,Grade School,0,0.31927,0.0763,0.7521,0.4698,0.2198,simple,Open QA
GSM8K,Math Reasoning,Grade School,1,0.40548,0.0889,0.7836,0.7156,0.4665,moderate,Open QA
GSM8K,Math Reasoning,Grade School,0,0.29245,0.0254,0.8182,0.3412,0.172,simple,Open QA
GSM8K,Math Reasoning,Grade School,0,0.33645,0.029,0.8607,0.3919,0.3193,simple,Open QA
GSM8K,Math Reasoning,Grade School,0,0.32872,0.0287,0.7927,0.5582,0.2345,simple,Closed QA
GSM8K,Math Reasoning,Grade School,0,0.31657,0.0303,0.7872,0.4125,0.2827,simple,Closed QA
GSM8K,Math Reasoning,Grade School,0,0.37534,0.0438,0.8873,0.5927,0.3004,moderate,Closed QA
GSM8K,Math Reasoning,Grade School,0,0.27669,0.0158,0.8184,0.2686,0.141,simple,Closed QA
GSM8K,Math Reasoning,Grade School,0,0.36832,0.075,0.8466,0.5072,0.3493,moderate,Open QA
GSM8K,Math Reasoning,Grade School,0,0.28853,0.0144,0.744,0.3725,0.242,simple,Closed QA
GSM8K,Math Reasoning,Grade School,0,0.28839,0.0216,0.628,0.5138,0.2757,simple,Open QA
GSM8K,Math Reasoning,Grade School,0,0.2871,0.0248,0.743,0.4613,0.1437,simple,Closed QA
GSM8K,Math Reasoning,Grade School,0,0.28619,0.0191,0.732,0.4957,0.1348,simple,Closed QA
GSM8K,Math Reasoning,Grade School,0,0.35471,0.0526,0.8841,0.4312,0.3316,moderate,Open QA
GSM8K,Math Reasoning,Grade School,0,0.33164,0.0363,0.8725,0.4655,0.1973,simple,Closed QA
GSM8K,Math Reasoning,Grade School,0,0.3158,0.0571,0.849,0.3946,0.155,simple,Closed QA
GSM8K,Math Reasoning,Grade School,0,0.25828,0.0179,0.6412,0.3046,0.273,simple,Open QA
GSM8K,Math Reasoning,Grade School,0,0.30518,0.0303,0.9162,0.1876,0.2261,simple,Closed QA
GSM8K,Math Reasoning,Grade School,0,0.32532,0.0345,0.8311,0.2844,0.3665,simple,Closed QA
GSM8K,Math Reasoning,Grade School,0,0.29708,0.0326,0.7084,0.568,0.1434,simple,Closed QA
GSM8K,Math Reasoning,Grade School,0,0.30095,0.0216,0.6915,0.5138,0.2422,simple,Open QA
GSM8K,Math Reasoning,Grade School,0,0.38315,0.0548,0.8362,0.629,0.3915,moderate,Open QA
GSM8K,Math Reasoning,Grade School,0,0.36836,0.048,0.7246,0.6596,0.4662,moderate,Open QA
GSM8K,Math Reasoning,Grade School,0,0.32784,0.0376,0.8642,0.4332,0.2137,simple,Closed QA
GSM8K,Math Reasoning,Grade School,0,0.32109,0.0266,0.8076,0.4873,0.2331,simple,Open QA
GSM8K,Math Reasoning,Grade School,0,0.30027,0.0329,0.8149,0.3827,0.172,simple,Closed QA
GSM8K,Math Reasoning,Grade School,0,0.31872,0.0606,0.8003,0.3496,0.2761,simple,Open QA
GSM8K,Math Reasoning,Grade School,0,0.34439,0.0234,0.7996,0.6796,0.2188,simple,Closed QA
GSM8K,Math Reasoning,Grade School,0,0.29476,0.0442,0.675,0.5117,0.2176,simple,Open QA
GSM8K,Math Reasoning,Grade School,0,0.2582,0.0123,0.6773,0.3739,0.1568,simple,Open QA
GSM8K,Math Reasoning,Grade School,0,0.30129,0.0657,0.7855,0.4133,0.1017,simple,Closed QA
GSM8K,Math Reasoning,Grade School,0,0.30317,0.0259,0.6018,0.6836,0.2554,simple,Open QA
GSM8K,Math Reasoning,Grade School,0,0.33386,0.0316,0.7645,0.6464,0.218,simple,Open QA
GSM8K,Math Reasoning,Grade School,0,0.33756,0.0359,0.8008,0.5455,0.2788,simple,Closed QA
GSM8K,Math Reasoning,Grade School,0,0.36302,0.0633,0.886,0.4197,0.3662,moderate,Open QA
GSM8K,Math Reasoning,Grade School,0,0.27923,0.014,0.7988,0.3015,0.1864,simple,Closed QA
GSM8K,Math Reasoning,Grade School,0,0.26096,0.0381,0.6296,0.4455,0.1452,simple,Closed QA
GSM8K,Math Reasoning,Grade School,0,0.30639,0.0218,0.8107,0.4067,0.2206,simple,Closed QA
GSM8K,Math Reasoning,Grade School,0,0.36029,0.0378,0.7764,0.733,0.2751,moderate,Open QA
GSM8K,Math Reasoning,Grade School,0,0.32127,0.0354,0.8011,0.3635,0.3467,simple,Open QA
GSM8K,Math Reasoning,Grade School,0,0.33919,0.0366,0.6363,0.809,0.2998,simple,Closed QA
GSM8K,Math Reasoning,Grade School,0,0.31158,0.0317,0.8855,0.2921,0.1967,simple,Closed QA
GSM8K,Math Reasoning,Grade School,0,0.31539,0.0253,0.8385,0.4784,0.1537,simple,Closed QA
GSM8K,Math Reasoning,Grade School,0,0.32962,0.0359,0.8754,0.3063,0.3211,simple,Closed QA
GSM8K,Math Reasoning,Grade School,0,0.38008,0.031,0.8083,0.6447,0.4617,moderate,Closed QA
GSM8K,Math Reasoning,Grade School,0,0.31342,0.0267,0.8174,0.3846,0.2449,simple,Closed QA
MMLU-abstract_algebra,Academic Knowledge,College,0,0.20478,0.0015,0.2211,0.0998,0.8045,simple,Open QA
MMLU-abstract_algebra,Academic Knowledge,College,0,0.26503,0.0039,0.0924,0.7628,0.8285,simple,Closed QA
MMLU-abstract_algebra,Academic Knowledge,College,0,0.2127,0.002,0.1103,0.3618,0.8434,simple,Open QA
MMLU-abstract_algebra,Academic Knowledge,College,0,0.19347,0.0038,0.0388,0.3706,0.8413,trivial,Closed QA
MMLU-abstract_algebra,Academic Knowledge,College,0,0.2533,0.0017,0.193,0.4825,0.8732,simple,Open QA
MMLU-abstract_algebra,Academic Knowledge,College,0,0.21239,0.0099,0.1501,0.3438,0.6955,simple,Closed QA
MMLU-abstract_algebra,Academic Knowledge,College,0,0.22397,0.0104,0.0485,0.4412,0.9091,simple,Open QA
MMLU-abstract_algebra,Academic Knowledge,College,0,0.18098,0.0042,0.1297,0.1282,0.8436,trivial,Code Generation
MMLU-abstract_algebra,Academic Knowledge,College,0,0.20838,0.0016,0.2386,0.1279,0.777,simple,Open QA
MMLU-abstract_algebra,Academic Knowledge,College,0,0.2035,0.0033,0.0626,0.408,0.8112,simple,Open QA
MMLU-abstract_algebra,Academic Knowledge,College,0,0.2201,0.0084,0.0483,0.55,0.8139,simple,Rewrite
MMLU-abstract_algebra,Academic Knowledge,College,0,0.16066,0.0026,0.0496,0.1951,0.7848,trivial,Summarization
MMLU-abstract_algebra,Academic Knowledge,College,0,0.2387,0.0014,0.2647,0.3983,0.7094,simple,Closed QA
MMLU-abstract_algebra,Academic Knowledge,College,0,0.27074,0.0014,0.0675,0.7266,0.9527,simple,Closed QA
MMLU-formal_logic,Academic Knowledge,College,0,0.17947,0.0151,0.0256,0.3016,0.8088,trivial,Classification
MMLU-formal_logic,Academic Knowledge,College,0,0.19435,0.0031,0.1558,0.187,0.7435,trivial,Closed QA
MMLU-formal_logic,Academic Knowledge,College,0,0.2349,0.0053,0.0237,0.5948,0.8908,simple,Rewrite
MMLU-formal_logic,Academic Knowledge,College,0,0.33676,0.0065,0.3038,0.7964,0.8979,simple,Closed QA
MMLU-formal_logic,Academic Knowledge,College,0,0.27675,0.0301,0.1032,0.7584,0.7843,simple,Open QA
MMLU-formal_logic,Academic Knowledge,College,0,0.22569,0.0092,0.0174,0.5324,0.8837,simple,Text Generation
MMLU-formal_logic,Academic Knowledge,College,0,0.32682,0.0047,0.2273,0.8146,0.9482,simple,Closed QA
MMLU-formal_logic,Academic Knowledge,College,0,0.13032,0.0173,0.0175,0.4676,0.3263,trivial,Text Generation
MMLU-formal_logic,Academic Knowledge,College,0,0.18567,0.002,0.1446,0.4617,0.5168,trivial,Open QA
MMLU-formal_logic,Academic Knowledge,College,0,0.15839,0.0026,0.1437,0.1956,0.6121,trivial,Open QA
MMLU-formal_logic,Academic Knowledge,College,0,0.29904,0.0044,0.0998,0.5378,0.9773,simple,Code Generation
MMLU-formal_logic,Academic Knowledge,College,0,0.33838,0.0167,0.169,0.9773,0.9375,simple,Closed QA
MMLU-formal_logic,Academic Knowledge,College,0,0.19696,0.003,0.1557,0.4711,0.5615,trivial,Open QA
MMLU-formal_logic,Academic Knowledge,College,0,0.30584,0.002,0.2084,0.7592,0.9156,simple,Closed QA
MMLU-logical_fallacies,Academic Knowledge,College,0,0.16065,0.0265,0.0117,0.0793,0.9079,trivial,Text Generation
MMLU-logical_fallacies,Academic Knowledge,College,0,0.21884,0.0075,0.0552,0.5084,0.8343,simple,Open QA
MMLU-logical_fallacies,Academic Knowledge,College,0,0.21567,0.0083,0.0523,0.4736,0.841,simple,Open QA
MMLU-logical_fallacies,Academic Knowledge,College,0,0.11778,0.0237,0.0168,0.0401,0.6612,trivial,Classification
MMLU-logical_fallacies,Academic Knowledge,College,0,0.14111,0.0222,0.0326,0.0622,0.7703,trivial,Classification
MMLU-logical_fallacies,Academic Knowledge,College,0,0.15632,0.0131,0.0922,0.0827,0.7679,trivial,Open QA
MMLU-logical_fallacies,Academic Knowledge,College,0,0.21317,0.0135,0.0265,0.6526,0.69,simple,Open QA
MMLU-logical_fallacies,Academic Knowledge,College,0,0.14178,0.0207,0.0163,0.2927,0.5691,trivial,Rewrite
MMLU-logical_fallacies,Academic Knowledge,College,0,0.26774,0.1435,0.0184,0.8733,0.5285,simple,Text Generation
MMLU-logical_fallacies,Academic Knowledge,College,0,0.1479,0.0162,0.0906,0.2816,0.4868,trivial,Open QA
MMLU-logical_fallacies,Academic Knowledge,College,0,0.2137,0.0232,0.0133,0.6337,0.7099,simple,Open QA
MMLU-logical_fallacies,Academic Knowledge,College,0,0.08824,0.0134,0.0043,0.0835,0.3425,trivial,Open QA
MMLU-logical_fallacies,Academic Knowledge,College,0,0.12155,0.001,0.0143,0.0282,0.656,trivial,Classification
MMLU-logical_fallacies,Academic Knowledge,College,0,0.15225,0.0252,0.0475,0.0196,0.7368,trivial,Open QA
MMLU-philosophy,Academic Knowledge,College,0,0.11668,0.0134,0.0181,0.548,0.162,trivial,Closed QA
MMLU-philosophy,Academic Knowledge,College,0,0.1529,0.0321,0.0451,0.5558,0.3009,trivial,Open QA
MMLU-philosophy,Academic Knowledge,College,0,0.1463,0.0106,0.0604,0.4219,0.4167,trivial,Open QA
MMLU-philosophy,Academic Knowledge,College,0,0.07545,0.0242,0.0135,0.1925,0.1574,trivial,Rewrite
MMLU-philosophy,Academic Knowledge,College,0,0.04314,0.0031,0.0156,0.0089,0.2145,trivial,Open QA
MMLU-philosophy,Academic Knowledge,College,0,0.18901,0.0094,0.0784,0.3062,0.795,trivial,Summarization
MMLU-philosophy,Academic Knowledge,College,0,0.12942,0.0164,0.0081,0.163,0.6382,trivial,Text Generation
MMLU-philosophy,Academic Knowledge,College,0,0.1871,0.0078,0.0308,0.6766,0.4933,trivial,Rewrite
MMLU-philosophy,Academic Knowledge,College,0,0.13004,0.0386,0.0469,0.4011,0.2583,trivial,Open QA
MMLU-philosophy,Academic Knowledge,College,0,0.20266,0.1048,0.0378,0.4787,0.5603,simple,Text Generation
MMLU-philosophy,Academic Knowledge,College,0,0.11768,0.0199,0.0187,0.1068,0.5943,trivial,Rewrite
MMLU-philosophy,Academic Knowledge,College,0,0.11456,0.0035,0.0097,0.0679,0.6456,trivial,Open QA
MMLU-philosophy,Academic Knowledge,College,0,0.12497,0.0031,0.043,0.0884,0.653,trivial,Summarization
MMLU-philosophy,Academic Knowledge,College,0,0.08814,0.009,0.0303,0.2179,0.2947,trivial,Rewrite
MMLU-college_physics,Academic Knowledge,College,0,0.20471,0.0025,0.1009,0.2513,0.9325,simple,Closed QA
MMLU-college_physics,Academic Knowledge,College,0,0.19856,0.0029,0.1824,0.0598,0.8645,trivial,Closed QA
MMLU-college_physics,Academic Knowledge,College,0,0.26542,0.0109,0.3034,0.484,0.7498,simple,Open QA
MMLU-college_physics,Academic Knowledge,College,0,0.14002,0.0268,0.0135,0.0899,0.7545,trivial,Text Generation
MMLU-college_physics,Academic Knowledge,College,0,0.2023,0.0019,0.0273,0.3842,0.9122,simple,Closed QA
MMLU-college_physics,Academic Knowledge,College,0,0.184,0.0015,0.0429,0.5616,0.5852,trivial,Open QA
MMLU-college_physics,Academic Knowledge,College,0,0.22501,0.0063,0.4182,0.1225,0.6583,simple,Closed QA
MMLU-college_physics,Academic Knowledge,College,0,0.22065,0.0034,0.1465,0.2848,0.9271,simple,Open QA
MMLU-college_physics,Academic Knowledge,College,0,0.19586,0.0013,0.034,0.5387,0.7039,trivial,Open QA
MMLU-college_physics,Academic Knowledge,College,0,0.165,0.001,0.083,0.1422,0.813,trivial,Open QA
MMLU-college_physics,Academic Knowledge,College,0,0.15869,0.0016,0.0281,0.1951,0.8061,trivial,Open QA
MMLU-college_physics,Academic Knowledge,College,0,0.21972,0.0039,0.3646,0.1091,0.7338,simple,Closed QA
MMLU-college_physics,Academic Knowledge,College,0,0.20776,0.002,0.0322,0.4326,0.8797,simple,Open QA
MMLU-college_physics,Academic Knowledge,College,0,0.09093,0.0042,0.0203,0.0322,0.5239,trivial,Rewrite
MMLU-high_school_physics,Academic Knowledge,College,0,0.1988,0.0015,0.2998,0.0458,0.7592,trivial,Closed QA
MMLU-high_school_physics,Academic Knowledge,College,0,0.22059,0.0031,0.1133,0.4709,0.8002,simple,Closed QA
MMLU-high_school_physics,Academic Knowledge,College,0,0.28747,0.0096,0.1708,0.6536,0.9526,simple,Closed QA
MMLU-high_school_physics,Academic Knowledge,College,0,0.26231,0.0103,0.1153,0.6667,0.8635,simple,Closed QA
MMLU-high_school_physics,Academic Knowledge,College,0,0.22306,0.0018,0.2814,0.2254,0.7791,simple,Closed QA
MMLU-high_school_physics,Academic Knowledge,College,0,0.26966,0.0152,0.2473,0.4364,0.9099,simple,Closed QA
MMLU-high_school_physics,Academic Knowledge,College,0,0.36642,0.0103,0.4967,0.6702,0.917,moderate,Closed QA
MMLU-high_school_physics,Academic Knowledge,College,0,0.16316,0.0009,0.0666,0.0718,0.8835,trivial,Open QA
MMLU-high_school_physics,Academic Knowledge,College,0,0.31944,0.0053,0.3235,0.7091,0.864,simple,Open QA
MMLU-high_school_physics,Academic Knowledge,College,0,0.27613,0.0139,0.0849,0.8223,0.8297,simple,Open QA
MMLU-high_school_physics,Academic Knowledge,College,0,0.33242,0.0091,0.5878,0.5042,0.7089,simple,Closed QA
MMLU-high_school_physics,Academic Knowledge,College,0,0.31133,0.1337,0.6435,0.3025,0.3124,simple,Closed QA
MMLU-high_school_physics,Academic Knowledge,College,0,0.33616,0.0148,0.4582,0.7504,0.6892,simple,Closed QA
MMLU-high_school_physics,Academic Knowledge,College,0,0.1895,0.004,0.0663,0.3214,0.8195,trivial,Closed QA
MMLU-conceptual_physics,Academic Knowledge,College,0,0.10693,0.0016,0.0214,0.0233,0.6338,trivial,Open QA
MMLU-conceptual_physics,Academic Knowledge,College,0,0.11326,0.0017,0.0572,0.0824,0.5463,trivial,Open QA
MMLU-conceptual_physics,Academic Knowledge,College,0,0.12272,0.002,0.0689,0.0608,0.5954,trivial,Closed QA
MMLU-conceptual_physics,Academic Knowledge,College,0,0.13766,0.0119,0.033,0.5676,0.2345,trivial,Open QA
MMLU-conceptual_physics,Academic Knowledge,College,0,0.13888,0.0007,0.0341,0.0147,0.765,trivial,Open QA
MMLU-conceptual_physics,Academic Knowledge,College,0,0.11269,0.0042,0.0383,0.379,0.2781,trivial,Open QA
MMLU-conceptual_physics,Academic Knowledge,College,0,0.16346,0.0027,0.1517,0.0978,0.6856,trivial,Open QA
MMLU-conceptual_physics,Academic Knowledge,College,0,0.09216,0.0005,0.0342,0.0307,0.509,trivial,Closed QA
MMLU-conceptual_physics,Academic Knowledge,College,0,0.15988,0.001,0.0274,0.0255,0.8737,trivial,Open QA
MMLU-conceptual_physics,Academic Knowledge,College,0,0.1405,0.0014,0.0257,0.0194,0.7794,trivial,Open QA
MMLU-conceptual_physics,Academic Knowledge,College,0,0.25011,0.0034,0.2751,0.5515,0.624,simple,Closed QA
MMLU-conceptual_physics,Academic Knowledge,College,0,0.09545,0.001,0.0411,0.0104,0.5333,trivial,Open QA
MMLU-conceptual_physics,Academic Knowledge,College,0,0.23049,0.002,0.3842,0.2472,0.6263,simple,Closed QA
MMLU-conceptual_physics,Academic Knowledge,College,0,0.15431,0.0058,0.0277,0.5365,0.3522,trivial,Closed QA
HellaSwag,Commonsense,Medium,0,0.16923,0.0578,0.0254,0.5307,0.1065,trivial,Closed QA
HellaSwag,Commonsense,Medium,0,0.1858,0.0762,0.0601,0.737,0.1412,trivial,Closed QA
HellaSwag,Commonsense,Medium,0,0.26281,0.1962,0.0035,0.551,0.444,simple,Text Generation
HellaSwag,Commonsense,Medium,0,0.11467,0.0135,0.006,0.4241,0.2224,trivial,Closed QA
HellaSwag,Commonsense,Medium,0,0.1301,0.0579,0.0069,0.2668,0.1623,trivial,Closed QA
HellaSwag,Commonsense,Medium,0,0.14364,0.0487,0.2165,0.3243,0.1338,trivial,Closed QA
HellaSwag,Commonsense,Medium,0,0.13848,0.0217,0.0336,0.5038,0.062,trivial,Closed QA
HellaSwag,Commonsense,Medium,0,0.18616,0.0558,0.0069,0.6248,0.3796,trivial,Closed QA
HellaSwag,Commonsense,Medium,0,0.20054,0.207,0.0465,0.5702,0.166,simple,Closed QA
HellaSwag,Commonsense,Medium,0,0.14874,0.0009,0.0053,0.2616,0.411,trivial,Closed QA
HellaSwag,Commonsense,Medium,0,0.11233,0.0265,0.0025,0.3298,0.1834,trivial,Closed QA
HellaSwag,Commonsense,Medium,0,0.20452,0.1592,0.0621,0.3307,0.1922,simple,Closed QA
HellaSwag,Commonsense,Medium,0,0.16001,0.0598,0.0424,0.6887,0.1262,trivial,Closed QA
HellaSwag,Commonsense,Medium,0,0.19288,0.1542,0.0182,0.5258,0.21,trivial,Closed QA
HellaSwag,Commonsense,Medium,0,0.16368,0.0136,0.0028,0.3522,0.4501,trivial,Closed QA
HellaSwag,Commonsense,Medium,0,0.16382,0.0027,0.0084,0.498,0.5664,trivial,Closed QA
HellaSwag,Commonsense,Medium,0,0.22089,0.0146,0.0172,0.8166,0.4627,simple,Closed QA
HellaSwag,Commonsense,Medium,0,0.29924,0.0774,0.0684,0.9574,0.7237,simple,Closed QA
HellaSwag,Commonsense,Medium,0,0.21985,0.2193,0.0165,0.5828,0.1413,simple,Closed QA
HellaSwag,Commonsense,Medium,0,0.23369,0.1362,0.0205,0.5096,0.2847,simple,Closed QA
HellaSwag,Commonsense,Medium,0,0.19113,0.0244,0.0107,0.7836,0.3028,trivial,Closed QA
HellaSwag,Commonsense,Medium,0,0.13887,0.0228,0.0044,0.4347,0.4249,trivial,Closed QA
HellaSwag,Commonsense,Medium,0,0.30255,0.0712,0.0383,0.912,0.7443,simple,Closed QA
HellaSwag,Commonsense,Medium,0,0.19591,0.038,0.0237,0.4105,0.2809,trivial,Closed QA
HellaSwag,Commonsense,Medium,0,0.33866,0.3436,0.01,0.7041,0.3523,simple,Text Generation
HellaSwag,Commonsense,Medium,0,0.18765,0.035,0.0123,0.7783,0.3196,trivial,Closed QA
HellaSwag,Commonsense,Medium,0,0.14424,0.0205,0.0098,0.5029,0.1968,trivial,Closed QA
HellaSwag,Commonsense,Medium,0,0.24577,0.1819,0.047,0.6701,0.283,simple,Closed QA
HellaSwag,Commonsense,Medium,0,0.13936,0.0915,0.0566,0.4642,0.1152,trivial,Closed QA
HellaSwag,Commonsense,Medium,0,0.10028,0.0127,0.0091,0.1855,0.1715,trivial,Closed QA
HellaSwag,Commonsense,Medium,0,0.1695,0.038,0.0062,0.7697,0.2569,trivial,Closed QA
HellaSwag,Commonsense,Medium,0,0.22268,0.0619,0.0229,0.4568,0.432,simple,Closed QA
HellaSwag,Commonsense,Medium,0,0.16851,0.0896,0.0211,0.6371,0.2102,trivial,Closed QA
HellaSwag,Commonsense,Medium,0,0.30783,0.0736,0.0507,0.8959,0.491,simple,Closed QA
HellaSwag,Commonsense,Medium,0,0.27433,0.1137,0.0163,0.836,0.5774,simple,Closed QA
HellaSwag,Commonsense,Medium,0,0.24357,0.1586,0.0526,0.8945,0.2355,simple,Chatbot
HellaSwag,Commonsense,Medium,0,0.16195,0.0266,0.0335,0.6495,0.2038,trivial,Closed QA
HellaSwag,Commonsense,Medium,0,0.20148,0.0046,0.0145,0.661,0.6337,simple,Closed QA
HellaSwag,Commonsense,Medium,0,0.17497,0.1631,0.0203,0.6035,0.1083,trivial,Text Generation
HellaSwag,Commonsense,Medium,0,0.15928,0.0047,0.004,0.2766,0.3522,trivial,Closed QA
HellaSwag,Commonsense,Medium,0,0.19824,0.0828,0.01,0.8292,0.2429,trivial,Closed QA
HellaSwag,Commonsense,Medium,0,0.16441,0.0144,0.0079,0.3634,0.332,trivial,Closed QA
HellaSwag,Commonsense,Medium,0,0.1126,0.0034,0.0205,0.2732,0.4013,trivial,Closed QA
HellaSwag,Commonsense,Medium,0,0.16994,0.0815,0.0166,0.7422,0.06,trivial,Closed QA
HellaSwag,Commonsense,Medium,0,0.2346,0.0577,0.0472,0.6687,0.4008,simple,Closed QA
HellaSwag,Commonsense,Medium,0,0.22626,0.1446,0.0124,0.8788,0.2039,simple,Closed QA
HellaSwag,Commonsense,Medium,0,0.17256,0.1032,0.0568,0.6251,0.1364,trivial,Closed QA
HellaSwag,Commonsense,Medium,0,0.15052,0.0393,0.0043,0.4568,0.2076,trivial,Closed QA
HellaSwag,Commonsense,Medium,0,0.19678,0.0803,0.039,0.812,0.2061,trivial,Closed QA
HellaSwag,Commonsense,Medium,0,0.24875,0.0122,0.0571,0.8067,0.5437,simple,Closed QA
HellaSwag,Commonsense,Medium,0,0.17652,0.0064,0.0169,0.5114,0.6133,trivial,Closed QA
HellaSwag,Commonsense,Medium,0,0.13113,0.0028,0.0142,0.2965,0.4923,trivial,Closed QA
HellaSwag,Commonsense,Medium,0,0.1535,0.0078,0.0112,0.3332,0.5661,trivial,Closed QA
HellaSwag,Commonsense,Medium,0,0.13056,0.0284,0.1483,0.3383,0.1668,trivial,Closed QA
HellaSwag,Commonsense,Medium,0,0.1061,0.0406,0.0205,0.236,0.21,trivial,Closed QA
HellaSwag,Commonsense,Medium,0,0.18464,0.0324,0.0689,0.771,0.2444,trivial,Closed QA
HellaSwag,Commonsense,Medium,0,0.16172,0.0203,0.0254,0.6482,0.3379,trivial,Closed QA
HellaSwag,Commonsense,Medium,0,0.13671,0.0756,0.0027,0.207,0.2914,trivial,Text Generation
HellaSwag,Commonsense,Medium,0,0.12515,0.0599,0.0291,0.5169,0.0723,trivial,Closed QA
HellaSwag,Commonsense,Medium,0,0.1673,0.003,0.0272,0.219,0.2792,trivial,Closed QA
HellaSwag,Commonsense,Medium,0,0.19174,0.0409,0.0488,0.759,0.1902,trivial,Closed QA
HellaSwag,Commonsense,Medium,0,0.18672,0.0172,0.0162,0.7231,0.4387,trivial,Closed QA
HellaSwag,Commonsense,Medium,0,0.1376,0.0088,0.0331,0.4373,0.3346,trivial,Closed QA
HellaSwag,Commonsense,Medium,0,0.11877,0.0259,0.0031,0.3018,0.2964,trivial,Closed QA
HellaSwag,Commonsense,Medium,0,0.19055,0.0326,0.0051,0.418,0.2752,trivial,Rewrite
HellaSwag,Commonsense,Medium,0,0.18975,0.1091,0.0336,0.719,0.1509,trivial,Closed QA
HellaSwag,Commonsense,Medium,0,0.0722,0.0057,0.0096,0.1867,0.2304,trivial,Closed QA
HellaSwag,Commonsense,Medium,0,0.28593,0.0404,0.1414,0.8778,0.5228,simple,Closed QA
HellaSwag,Commonsense,Medium,0,0.2086,0.0056,0.0173,0.7687,0.4829,simple,Closed QA
HellaSwag,Commonsense,Medium,0,0.3549,0.3797,0.0205,0.9455,0.3963,moderate,Text Generation
HellaSwag,Commonsense,Medium,0,0.18914,0.0969,0.0668,0.6731,0.2378,trivial,Closed QA
HellaSwag,Commonsense,Medium,0,0.17122,0.0455,0.0113,0.4581,0.2611,trivial,Closed QA
HellaSwag,Commonsense,Medium,0,0.16844,0.0348,0.1144,0.5666,0.2344,trivial,Closed QA
HellaSwag,Commonsense,Medium,0,0.1953,0.0294,0.017,0.7787,0.3614,trivial,Closed QA
HellaSwag,Commonsense,Medium,0,0.1592,0.0117,0.0453,0.5266,0.4289,trivial,Closed QA
HellaSwag,Commonsense,Medium,0,0.18226,0.053,0.0794,0.6717,0.2451,trivial,Closed QA
HellaSwag,Commonsense,Medium,0,0.11095,0.0061,0.0063,0.4501,0.2591,trivial,Closed QA
HellaSwag,Commonsense,Medium,0,0.20199,0.0175,0.0214,0.8061,0.4341,simple,Closed QA
HellaSwag,Commonsense,Medium,0,0.1931,0.0194,0.0053,0.5426,0.2641,trivial,Closed QA
HellaSwag,Commonsense,Medium,0,0.15648,0.0072,0.0045,0.2788,0.4071,trivial,Closed QA
HellaSwag,Commonsense,Medium,0,0.20438,0.0149,0.0103,0.514,0.3947,simple,Closed QA
HellaSwag,Commonsense,Medium,0,0.15399,0.0155,0.0054,0.7139,0.2373,trivial,Closed QA
HellaSwag,Commonsense,Medium,0,0.23412,0.1802,0.0421,0.8491,0.1863,simple,Closed QA
HellaSwag,Commonsense,Medium,0,0.25606,0.1913,0.0107,0.5917,0.2138,simple,Text Generation
HellaSwag,Commonsense,Medium,0,0.16918,0.011,0.1557,0.5144,0.2979,trivial,Closed QA
HellaSwag,Commonsense,Medium,0,0.14076,0.0037,0.0063,0.5018,0.3786,trivial,Closed QA
HellaSwag,Commonsense,Medium,0,0.16631,0.0287,0.0079,0.7031,0.3227,trivial,Closed QA
HellaSwag,Commonsense,Medium,0,0.1936,0.0063,0.0095,0.4104,0.4542,trivial,Closed QA
HellaSwag,Commonsense,Medium,0,0.17774,0.0958,0.0451,0.4945,0.1752,trivial,Closed QA
HellaSwag,Commonsense,Medium,0,0.23188,0.0369,0.0054,0.5406,0.4255,simple,Text Generation
HellaSwag,Commonsense,Medium,0,0.25455,0.0134,0.0165,0.86,0.6803,simple,Closed QA
HellaSwag,Commonsense,Medium,0,0.2187,0.0616,0.0124,0.4786,0.2377,simple,Closed QA
HellaSwag,Commonsense,Medium,0,0.13794,0.0192,0.0044,0.4505,0.3286,trivial,Closed QA
HellaSwag,Commonsense,Medium,0,0.25833,0.0151,0.0329,0.4685,0.8555,simple,Open QA
HellaSwag,Commonsense,Medium,0,0.15536,0.012,0.0092,0.6251,0.3364,trivial,Closed QA
HellaSwag,Commonsense,Medium,0,0.21472,0.0389,0.0253,0.5984,0.4324,simple,Closed QA
HellaSwag,Commonsense,Medium,0,0.14953,0.0564,0.0482,0.687,0.0807,trivial,Closed QA
HellaSwag,Commonsense,Medium,0,0.247,0.0503,0.0327,0.6779,0.3636,simple,Open QA
HellaSwag,Commonsense,Medium,0,0.22884,0.2176,0.0774,0.6324,0.2364,simple,Closed QA
HellaSwag,Commonsense,Medium,0,0.13945,0.0293,0.0094,0.5383,0.256,trivial,Closed QA
Winogrande,Commonsense,Medium,0,0.0634,0.004,0.025,0.1645,0.1651,trivial,Closed QA
Winogrande,Commonsense,Medium,0,0.09542,0.0042,0.0136,0.4022,0.1304,trivial,Closed QA
Winogrande,Commonsense,Medium,0,0.13769,0.0407,0.0138,0.6126,0.0984,trivial,Closed QA
Winogrande,Commonsense,Medium,0,0.08012,0.0058,0.0148,0.3175,0.1032,trivial,Closed QA
Winogrande,Commonsense,Medium,0,0.07054,0.0148,0.0087,0.2413,0.1017,trivial,Closed QA
Winogrande,Commonsense,Medium,0,0.07801,0.0165,0.0145,0.3128,0.0774,trivial,Closed QA
Winogrande,Commonsense,Medium,0,0.10731,0.0479,0.0098,0.3354,0.1116,trivial,Closed QA
Winogrande,Commonsense,Medium,0,0.10654,0.046,0.0056,0.3489,0.087,trivial,Closed QA
Winogrande,Commonsense,Medium,0,0.08636,0.0202,0.0124,0.3349,0.0686,trivial,Closed QA
Winogrande,Commonsense,Medium,0,0.08061,0.0038,0.0169,0.3364,0.122,trivial,Closed QA
Winogrande,Commonsense,Medium,0,0.09726,0.0216,0.0091,0.3333,0.0904,trivial,Closed QA
Winogrande,Commonsense,Medium,0,0.09242,0.0083,0.0136,0.403,0.1,trivial,Closed QA
Winogrande,Commonsense,Medium,0,0.09299,0.0256,0.0122,0.358,0.0803,trivial,Closed QA
Winogrande,Commonsense,Medium,0,0.09112,0.0083,0.0066,0.3858,0.1234,trivial,Closed QA
Winogrande,Commonsense,Medium,0,0.111,0.0093,0.0287,0.3194,0.1191,trivial,Closed QA
Winogrande,Commonsense,Medium,0,0.09351,0.0437,0.0097,0.3208,0.0802,trivial,Closed QA
Winogrande,Commonsense,Medium,0,0.10695,0.0137,0.0064,0.5509,0.0932,trivial,Closed QA
Winogrande,Commonsense,Medium,0,0.09183,0.0074,0.0229,0.3253,0.0984,trivial,Closed QA
Winogrande,Commonsense,Medium,0,0.1058,0.0252,0.0154,0.3736,0.085,trivial,Closed QA
Winogrande,Commonsense,Medium,0,0.1267,0.0397,0.0298,0.4899,0.1174,trivial,Closed QA
Winogrande,Commonsense,Medium,0,0.10281,0.02,0.0222,0.3379,0.0892,trivial,Closed QA
Winogrande,Commonsense,Medium,0,0.11366,0.0181,0.0139,0.5537,0.0864,trivial,Closed QA
Winogrande,Commonsense,Medium,0,0.11022,0.0148,0.0174,0.4334,0.1054,trivial,Closed QA
Winogrande,Commonsense,Medium,0,0.08634,0.0088,0.0244,0.3651,0.0905,trivial,Closed QA
Winogrande,Commonsense,Medium,0,0.07762,0.0195,0.0112,0.3228,0.0717,trivial,Closed QA
Winogrande,Commonsense,Medium,0,0.1227,0.0385,0.0125,0.4417,0.1028,trivial,Closed QA
Winogrande,Commonsense,Medium,0,0.09936,0.0359,0.0179,0.2926,0.0935,trivial,Closed QA
Winogrande,Commonsense,Medium,0,0.07886,0.0176,0.0146,0.2921,0.09,trivial,Closed QA
Winogrande,Commonsense,Medium,0,0.06712,0.0221,0.0079,0.1744,0.095,trivial,Closed QA
Winogrande,Commonsense,Medium,0,0.09398,0.0161,0.0124,0.4314,0.0595,trivial,Closed QA
Winogrande,Commonsense,Medium,0,0.11896,0.0221,0.0117,0.4795,0.0927,trivial,Closed QA
Winogrande,Commonsense,Medium,0,0.07426,0.0127,0.0193,0.2005,0.1348,trivial,Closed QA
Winogrande,Commonsense,Medium,0,0.0838,0.0127,0.0075,0.3563,0.0866,trivial,Closed QA
Winogrande,Commonsense,Medium,0,0.06657,0.0059,0.0136,0.2252,0.1364,trivial,Closed QA
Winogrande,Commonsense,Medium,0,0.09542,0.0298,0.0115,0.3559,0.1007,trivial,Closed QA
Winogrande,Commonsense,Medium,0,0.09698,0.0445,0.008,0.3292,0.0741,trivial,Closed QA
Winogrande,Commonsense,Medium,0,0.0917,0.0192,0.0163,0.3912,0.0629,trivial,Closed QA
Winogrande,Commonsense,Medium,0,0.08263,0.0097,0.0133,0.3312,0.1032,trivial,Closed QA
Winogrande,Commonsense,Medium,0,0.07607,0.0044,0.0226,0.2537,0.122,trivial,Closed QA
Winogrande,Commonsense,Medium,0,0.10706,0.0185,0.0205,0.4707,0.0928,trivial,Closed QA
Winogrande,Commonsense,Medium,0,0.12155,0.0158,0.0266,0.578,0.0797,trivial,Closed QA
Winogrande,Commonsense,Medium,0,0.11828,0.0362,0.0127,0.4978,0.073,trivial,Closed QA
Winogrande,Commonsense,Medium,0,0.09406,0.0175,0.0119,0.3067,0.1069,trivial,Closed QA
Winogrande,Commonsense,Medium,0,0.0859,0.0086,0.0191,0.1697,0.167,trivial,Closed QA
Winogrande,Commonsense,Medium,0,0.13574,0.0203,0.0108,0.6138,0.0969,trivial,Closed QA
Winogrande,Commonsense,Medium,0,0.09216,0.0154,0.0227,0.3458,0.1015,trivial,Closed QA
Winogrande,Commonsense,Medium,0,0.09414,0.0219,0.0143,0.3495,0.086,trivial,Closed QA
Winogrande,Commonsense,Medium,0,0.09583,0.0285,0.0077,0.2897,0.0785,trivial,Closed QA
Winogrande,Commonsense,Medium,0,0.10116,0.0057,0.0187,0.4053,0.0995,trivial,Closed QA
Winogrande,Commonsense,Medium,0,0.0716,0.0051,0.0176,0.248,0.1427,trivial,Closed QA
Winogrande,Commonsense,Medium,0,0.07964,0.0074,0.0182,0.2953,0.1093,trivial,Closed QA
Winogrande,Commonsense,Medium,0,0.11184,0.0201,0.0133,0.4022,0.0823,trivial,Closed QA
Winogrande,Commonsense,Medium,0,0.07744,0.0151,0.0187,0.2758,0.0878,trivial,Closed QA
Winogrande,Commonsense,Medium,0,0.1034,0.0261,0.0107,0.4232,0.096,trivial,Closed QA
Winogrande,Commonsense,Medium,0,0.11003,0.006,0.0144,0.5416,0.0797,trivial,Closed QA
Winogrande,Commonsense,Medium,0,0.07652,0.0121,0.0122,0.2732,0.139,trivial,Closed QA
Winogrande,Commonsense,Medium,0,0.1169,0.0488,0.0108,0.3305,0.1061,trivial,Closed QA
Winogrande,Commonsense,Medium,0,0.10602,0.0047,0.0095,0.5721,0.0724,trivial,Closed QA
Winogrande,Commonsense,Medium,0,0.08506,0.0275,0.0157,0.2579,0.1074,trivial,Closed QA
Winogrande,Commonsense,Medium,0,0.09403,0.0243,0.0142,0.4103,0.0743,trivial,Closed QA
Winogrande,Commonsense,Medium,0,0.08434,0.0167,0.0091,0.2634,0.1306,trivial,Closed QA
Winogrande,Commonsense,Medium,0,0.0769,0.0311,0.0092,0.2293,0.0712,trivial,Closed QA
Winogrande,Commonsense,Medium,0,0.10849,0.0265,0.0102,0.2516,0.1102,trivial,Closed QA
Winogrande,Commonsense,Medium,0,0.06033,0.0099,0.0117,0.2089,0.0953,trivial,Closed QA
Winogrande,Commonsense,Medium,0,0.0848,0.0153,0.0199,0.2881,0.0845,trivial,Closed QA
Winogrande,Commonsense,Medium,0,0.07302,0.0026,0.0063,0.2385,0.1939,trivial,Closed QA
Winogrande,Commonsense,Medium,0,0.06506,0.0054,0.0181,0.2074,0.1097,trivial,Closed QA
Winogrande,Commonsense,Medium,0,0.09905,0.0251,0.0222,0.3316,0.0942,trivial,Closed QA
Winogrande,Commonsense,Medium,0,0.09662,0.0539,0.0116,0.3304,0.0722,trivial,Closed QA
Winogrande,Commonsense,Medium,0,0.09754,0.0176,0.0223,0.3852,0.0957,trivial,Closed QA
Winogrande,Commonsense,Medium,0,0.08373,0.0113,0.0171,0.3028,0.0924,trivial,Closed QA
Winogrande,Commonsense,Medium,0,0.12058,0.0503,0.0077,0.541,0.0735,trivial,Closed QA
Winogrande,Commonsense,Medium,0,0.08746,0.0152,0.0132,0.3595,0.0733,trivial,Closed QA
Winogrande,Commonsense,Medium,0,0.11393,0.0373,0.0095,0.4546,0.0741,trivial,Closed QA
Winogrande,Commonsense,Medium,0,0.09754,0.0315,0.0048,0.4045,0.094,trivial,Closed QA
Winogrande,Commonsense,Medium,0,0.08136,0.0205,0.0099,0.2851,0.0866,trivial,Closed QA
Winogrande,Commonsense,Medium,0,0.09667,0.0182,0.0208,0.3352,0.1019,trivial,Closed QA
Winogrande,Commonsense,Medium,0,0.0882,0.0454,0.0115,0.3065,0.0778,trivial,Closed QA
Winogrande,Commonsense,Medium,0,0.08112,0.021,0.0115,0.333,0.0697,trivial,Closed QA
Winogrande,Commonsense,Medium,0,0.07099,0.0169,0.0173,0.2212,0.0771,trivial,Closed QA
Winogrande,Commonsense,Medium,0,0.08613,0.0217,0.0061,0.3242,0.1184,trivial,Closed QA
Winogrande,Commonsense,Medium,0,0.11536,0.0541,0.0105,0.3312,0.0898,trivial,Closed QA
Winogrande,Commonsense,Medium,0,0.12459,0.0482,0.0134,0.5197,0.093,trivial,Closed QA
Winogrande,Commonsense,Medium,0,0.08081,0.0078,0.0252,0.2618,0.1064,trivial,Closed QA
Winogrande,Commonsense,Medium,0,0.07193,0.0064,0.0172,0.2357,0.1173,trivial,Closed QA
Winogrande,Commonsense,Medium,0,0.0947,0.0193,0.015,0.3003,0.0955,trivial,Closed QA
Winogrande,Commonsense,Medium,0,0.08896,0.0052,0.0072,0.4086,0.1147,trivial,Closed QA
Winogrande,Commonsense,Medium,0,0.072,0.0146,0.0078,0.28,0.1344,trivial,Closed QA
Winogrande,Commonsense,Medium,0,0.09988,0.0232,0.0106,0.4814,0.0733,trivial,Closed QA
Winogrande,Commonsense,Medium,0,0.07562,0.0143,0.008,0.2612,0.0971,trivial,Closed QA
Winogrande,Commonsense,Medium,0,0.10722,0.0204,0.0181,0.4767,0.0864,trivial,Closed QA
Winogrande,Commonsense,Medium,0,0.10074,0.0146,0.0138,0.4061,0.107,trivial,Closed QA
Winogrande,Commonsense,Medium,0,0.07102,0.0146,0.0065,0.2799,0.0822,trivial,Closed QA
Winogrande,Commonsense,Medium,0,0.07463,0.0066,0.016,0.2658,0.0937,trivial,Closed QA
Winogrande,Commonsense,Medium,0,0.13012,0.033,0.0131,0.5864,0.0952,trivial,Closed QA
Winogrande,Commonsense,Medium,0,0.14314,0.0186,0.0231,0.7309,0.0754,trivial,Closed QA
Winogrande,Commonsense,Medium,0,0.08794,0.0058,0.0148,0.2821,0.1619,trivial,Closed QA
Winogrande,Commonsense,Medium,0,0.08651,0.0238,0.023,0.2887,0.0788,trivial,Closed QA
Winogrande,Commonsense,Medium,0,0.09454,0.0458,0.0099,0.2703,0.0852,trivial,Closed QA
Winogrande,Commonsense,Medium,0,0.08704,0.0417,0.007,0.1999,0.0799,trivial,Closed QA
